customer_id,name,age,income,city,credit_score,income_text,status,loan_approved,post_approval_score
1001,Ravi,25.0,32000.0,Warangal,720,32000,Active,1,720
1002,Suresh,31.0,45000.0,Hyderabad,680,45000,Active,1,680
1003,Prakash,,50000.0,Hyderabad,710,50000,Active,1,710
1004,Anil,28.0,,Warangal,650,unknown,Active,0,650
1005,Ramesh,45.0,65000.0,Hyderabad,800,65000,Active,1,800
1006,Kiran,150.0,72000.0,Warangal,610,72000,Active,0,610
1007,Arjun,35.0,55000.0,Hyderabad,690,55000,Active,1,690
1008,Venkat,29.0,40000.0,Warangal,750,40000,Active,1,750
1009,Manoj,,38000.0,Hyderabad,700,38000,Active,1,700
1010,Sai,42.0,58000.0,Warangal,660,58000,Active,1,660
1011,Naveen,26.0,35000.0,Hyderabad,640,35000,Active,0,640
1012,Rahul,39.0,62000.0,Warangal,730,62000,Active,1,730
1013,Karthik,33.0,48000.0,Hyderabad,710,48000,Active,1,710
1014,Vijay,47.0,70000.0,Warangal,780,70000,Active,1,780
1015,Ajay,24.0,30000.0,Hyderabad,600,30000,Active,0,600
1016,Rohit,36.0,52000.0,Warangal,705,52000,Active,1,705
1017,Mohan,41.0,61000.0,Hyderabad,745,61000,Active,1,745
1018,Pranav,30.0,43000.0,Warangal,675,43000,Active,1,675
1019,Tarun,27.0,37000.0,Hyderabad,630,37000,Active,0,630
1020,Harish,44.0,68000.0,Warangal,770,68000,Active,1,770
1021,Sandeep,38.0,57000.0,Hyderabad,720,57000,Active,1,720
1022,Chandra,52.0,82000.0,Warangal,790,82000,Active,1,790
1023,Raju,23.0,28000.0,Hyderabad,590,28000,Active,0,590
1024,Varun,34.0,50000.0,Warangal,700,50000,Active,1,700
1025,Teja,29.0,46000.0,Hyderabad,680,46000,Active,1,680
1026,Deepak,46.0,73000.0,Warangal,760,73000,Active,1,760
1027,Lokesh,32.0,49000.0,Hyderabad,670,49000,Active,1,670
1028,Abhishek,40.0,59000.0,Warangal,715,59000,Active,1,715
1029,Gopi,55.0,5000000.0,Hyderabad,810,5000000,Active,1,810
1029,Gopi,55.0,5000000.0,Hyderabad,810,5000000,Active,1,810
